,Bioreactor,Carbon source,Growth rate
0,REL01,Galactose,0.2871453229907816
1,REL02,Galactose,0.2797101946217589
2,REL03,Galactose,0.2547354901163347
3,REL04,L-malate,0.4051883001928474
4,REL05,L-malate,0.3950220220281489
5,REL06,L-malate,0.3878546338488123
6,REL07,L-alanine,0.21378611100195857
7,REL08,L-alanine,0.20496215305725637
8,REL09,L-alanine,0.20416427756239178
