,Hours,Bioreactor,OD,Carbon source,Biomass [gDW/L]
0,0.0,REL01,0.044,Galactose,0.015240046263666764
1,2.0,REL01,0.09,Galactose,0.031172821902954746
2,4.0,REL01,0.17,Galactose,0.058881996927803416
3,6.0,REL01,0.31,Galactose,0.10737305322128858
4,8.0,REL01,0.58,Galactose,0.2008915189301528
6,10.0,REL01,1.14,Galactose,0.3948557441040934
7,11.0,REL01,1.26,Galactose,0.4364195066413665
8,12.0,REL01,1.63,Galactose,0.5645744411312915
9,13.0,REL01,2.17,Galactose,0.75161137254902
10,14.0,REL01,2.89,Galactose,1.0009939477726582
11,16.0,REL01,2.906,Galactose,1.0065357827776278
12,18.0,REL01,2.85,Galactose,0.9871393602602337
13,20.0,REL01,3.65,Galactose,1.2642311105087203
14,22.0,REL01,3.1,Galactose,1.0737305322128858
15,26.0,REL01,2.72,Galactose,0.9421119508448547
17,0.0,REL02,0.044,Galactose,0.015240046263666764
18,2.0,REL02,0.09,Galactose,0.031172821902954746
19,4.0,REL02,0.17,Galactose,0.058881996927803416
20,6.0,REL02,0.32,Galactose,0.11083670009939466
21,8.0,REL02,0.58,Galactose,0.2008915189301528
23,10.0,REL02,1.04,Galactose,0.36021927532303266
24,11.0,REL02,1.27,Galactose,0.43988315351947255
25,12.0,REL02,1.6,Galactose,0.5541835004969733
26,13.0,REL02,2,Galactose,0.6927293756212166
27,14.0,REL02,2.64,Galactose,0.914402775820006
28,16.0,REL02,3.669,Galactose,1.2708120395771219
29,18.0,REL02,3.41,Galactose,1.1811035854341745
30,20.0,REL02,3.65,Galactose,1.2642311105087203
31,22.0,REL02,3.72,Galactose,1.288476638655463
32,26.0,REL02,3.3,Galactose,1.1430034697750073
34,0.0,REL03,0.015,Galactose,0.005195470317159124
35,2.0,REL03,0.07,Galactose,0.024245528146742582
36,4.0,REL03,0.12,Galactose,0.041563762537272994
37,6.0,REL03,0.2,Galactose,0.06927293756212166
38,8.0,REL03,0.45,Galactose,0.15586410951477375
40,10.0,REL03,0.65,Galactose,0.2251370470768954
41,11.0,REL03,0.8,Galactose,0.27709175024848665
42,12.0,REL03,0.94,Galactose,0.3255828065419718
43,13.0,REL03,1.194,Galactose,0.4135594372458663
44,14.0,REL03,1.408,Galactose,0.48768148043733645
45,16.0,REL03,2.152,Galactose,0.7453768081684291
46,18.0,REL03,2.91,Galactose,1.0079212415288703
47,20.0,REL03,3.6,Galactose,1.24691287611819
48,22.0,REL03,3.76,Galactose,1.3023312261678872
49,26.0,REL03,3.22,Galactose,1.1152942947501587
51,0.0,REL04,0.046,L-malate,0.012856853440623971
52,2.0,REL04,0.09,L-malate,0.025154713253394727
53,4.0,REL04,0.17,L-malate,0.047514458367523375
54,6.0,REL04,0.36,L-malate,0.10061885301357891
55,8.0,REL04,0.87,L-malate,0.24316222811614902
56,9.25,REL04,1.6,L-malate,0.44719490228257297
57,10.0,REL04,2.19,L-malate,0.6120980224992717
58,11.0,REL04,2.75,L-malate,0.7686162382981723
59,12.0,REL04,2.57,L-malate,0.7183068117913827
60,13.0,REL04,2.4,L-malate,0.6707923534238593
61,14.0,REL04,2.5,L-malate,0.6987420348165202
62,16.0,REL04,2.523,L-malate,0.7051704615368323
63,18.0,REL04,2.26,L-malate,0.6316627994741342
64,20.0,REL04,2.67,L-malate,0.7462564931840435
65,22.0,REL04,2.53,L-malate,0.7071269392343184
66,26.0,REL04,2.22,L-malate,0.62048292691707
68,0.0,REL05,0.041,L-malate,0.011459369370990931
69,2.0,REL05,0.07,L-malate,0.019564776974862568
70,4.0,REL05,0.11,L-malate,0.03074464953192689
71,6.0,REL05,0.26,L-malate,0.0726691716209181
72,8.0,REL05,0.56,L-malate,0.15651821579890055
73,9.25,REL05,1.1,L-malate,0.30744649531926893
74,10.0,REL05,1.52,L-malate,0.4248351571684443
75,11.0,REL05,2.15,L-malate,0.6009181499422074
76,12.0,REL05,2.35,L-malate,0.656817512727529
77,13.0,REL05,2.407,L-malate,0.6727488311213456
78,14.0,REL05,2.57,L-malate,0.7183068117913827
79,16.0,REL05,2.397,L-malate,0.6699538629820795
80,18.0,REL05,2.22,L-malate,0.62048292691707
81,20.0,REL05,2.46,L-malate,0.6875621622594559
82,22.0,REL05,2.54,L-malate,0.7099219073735845
83,26.0,REL05,2.15,L-malate,0.6009181499422074
85,0.0,REL06,0.029,L-malate,0.008105407603871635
86,2.0,REL06,0.08,L-malate,0.022359745114128648
87,4.0,REL06,0.14,L-malate,0.039129553949725136
88,6.0,REL06,0.28,L-malate,0.07825910789945027
89,8.0,REL06,0.58,L-malate,0.16210815207743268
90,9.25,REL06,1.2,L-malate,0.33539617671192967
91,10.0,REL06,1.82,L-malate,0.5086842013464267
92,11.0,REL06,2.41,L-malate,0.6735873215631255
93,12.0,REL06,2.72,L-malate,0.760231333880374
94,13.0,REL06,2.509,L-malate,0.7012575061418597
95,14.0,REL06,2.94,L-malate,0.8217206329442277
96,16.0,REL06,2.64,L-malate,0.7378715887662454
97,18.0,REL06,2.26,L-malate,0.6316627994741342
98,20.0,REL06,2.42,L-malate,0.6763822897023916
99,22.0,REL06,2.64,L-malate,0.7378715887662454
100,26.0,REL06,2.25,L-malate,0.6288678313348681
102,0.0,REL07,0.034,L-alanine,0.010074485818616542
103,2.0,REL07,0.05,L-alanine,0.014815420321494913
104,4.0,REL07,0.08,L-alanine,0.023704672514391862
105,6.0,REL07,0.11,L-alanine,0.03259392470728881
106,8.0,REL07,0.16,L-alanine,0.047409345028783724
108,10.0,REL07,0.24,L-alanine,0.07111401754317558
109,11.0,REL07,0.29,L-alanine,0.08592943786467049
110,12.0,REL07,0.34,L-alanine,0.10074485818616541
112,14.0,REL07,0.625,L-alanine,0.1851927540186864
113,16.0,REL07,0.89,L-alanine,0.2637144817226095
114,18.0,REL07,1.6,L-alanine,0.4740934502878372
115,20.0,REL07,2.36,L-alanine,0.6992878391745598
116,22.0,REL07,2.27,L-alanine,0.672620082595869
117,26.0,REL07,2.06,L-alanine,0.6103953172455904
118,28.0,REL07,2.31,L-alanine,0.684472418853065
119,0.0,REL08,0.036,L-alanine,0.010667102631476336
120,2.0,REL08,0.05,L-alanine,0.014815420321494913
121,4.0,REL08,0.08,L-alanine,0.023704672514391862
122,6.0,REL08,0.12,L-alanine,0.03555700877158779
123,8.0,REL08,0.16,L-alanine,0.047409345028783724
125,10.0,REL08,0.23,L-alanine,0.0681509334788766
126,11.0,REL08,0.29,L-alanine,0.08592943786467049
127,12.0,REL08,0.33,L-alanine,0.09778177412186642
129,14.0,REL08,0.457,L-alanine,0.1354129417384635
130,16.0,REL08,0.81,L-alanine,0.2400098092082176
131,18.0,REL08,1.28,L-alanine,0.3792747602302698
132,20.0,REL08,2.49,L-alanine,0.7378079320104467
133,22.0,REL08,2.5,L-alanine,0.7407710160747456
134,26.0,REL08,2.26,L-alanine,0.66965699853157
135,28.0,REL08,2.46,L-alanine,0.7289186798175497
136,0.0,REL09,0.019,L-alanine,0.005629859722168067
137,2.0,REL09,0.05,L-alanine,0.014815420321494913
138,4.0,REL09,0.07,L-alanine,0.020741588450092878
139,6.0,REL09,0.11,L-alanine,0.03259392470728881
140,8.0,REL09,0.15,L-alanine,0.044446260964484736
142,10.0,REL09,0.22,L-alanine,0.06518784941457761
143,11.0,REL09,0.29,L-alanine,0.08592943786467049
144,12.0,REL09,0.32,L-alanine,0.09481869005756745
146,14.0,REL09,0.561,L-alanine,0.16622901600717294
147,16.0,REL09,0.734,L-alanine,0.21749037031954532
148,18.0,REL09,1.29,L-alanine,0.38223784429456875
149,20.0,REL09,1.99,L-alanine,0.5896537287954975
150,22.0,REL09,2.26,L-alanine,0.66965699853157
151,26.0,REL09,2.03,L-alanine,0.6015060650526934
152,28.0,REL09,2.41,L-alanine,0.7141032594960548
